index,category
16371,Fruits
16372,Fruits
16373,Fruits
16374,Fruits
16375,Fruits
16381,Fruits
16382,Fruits
16383,Fruits
18822,Fruits
16388,Fruits
16389,Fruits
16392,Fruits
16393,Fruits
16401,Fruits
16402,Fruits
16400,Fruits
16403,Fruits
18823,Fruits
16426,Fruits
16427,Fruits
16450,Fruits
16451,Fruits
18824,Fruits
16549,Fruits
16548,Fruits
16556,Fruits
16557,Fruits
16577,Fruits
16576,Fruits
18825,Fruits
16602,Fruits
16601,Fruits
16676,Fruits
16675,Fruits
16708,Fruits
16707,Fruits
16751,Fruits
16753,Fruits
16752,Fruits
16754,Fruits
16755,Fruits
16756,Fruits
18826,Fruits
16888,Fruits
16898,Fruits
16899,Fruits
16996,Fruits
18827,Fruits
17004,Fruits
17005,Fruits
17007,Fruits
17006,Fruits
17008,Fruits
17009,Fruits
17010,Fruits
17051,Fruits
17050,Fruits
17065,Fruits
18828,Fruits
17076,Fruits
18840,Fruits
17151,Fruits
17169,Fruits
17183,Fruits
17184,Fruits
17185,Fruits
18829,Fruits
17226,Fruits
17227,Fruits
17228,Fruits
17229,Fruits
17230,Fruits
17280,Fruits
17295,Fruits
17296,Fruits
17297,Fruits
17299,Fruits
17298,Fruits
17304,Fruits
17305,Fruits
17302,Fruits
17303,Fruits
17306,Fruits
17307,Fruits
17308,Fruits
17309,Fruits
17311,Fruits
17310,Fruits
17312,Fruits
17353,Fruits
17354,Fruits
17355,Fruits
17356,Fruits
17359,Fruits
17360,Fruits
17414,Fruits
17415,Fruits
17427,Fruits
17463,Fruits
17464,Fruits
17232,Fruits
17231,Fruits
18830,Fruits
17481,Fruits
17482,Fruits
18831,Fruits
17489,Fruits
17533,Fruits
17535,Fruits
17536,Fruits
17538,Fruits
17532,Fruits
17543,Fruits
17542,Fruits
17544,Fruits
17545,Fruits
17571,Fruits
18911,Fruits
17572,Fruits
17577,Fruits
17578,Fruits
17585,Fruits
18832,Fruits
17599,Fruits
17630,Fruits
17631,Fruits
18834,Fruits
19109,Fruits
17634,Fruits
17635,Fruits
17645,Fruits
17646,Fruits
17677,Fruits
19105,Fruits
19106,Fruits
17705,Fruits
18835,Fruits
19112,Fruits
17772,Fruits
17773,Fruits
17821,Fruits
17822,Fruits
17823,Fruits
17832,Fruits
17833,Fruits
17834,Fruits
17835,Fruits
17837,Fruits
17836,Fruits
17839,Fruits
17844,Fruits
17845,Fruits
17869,Fruits
17868,Fruits
17870,Fruits
17871,Fruits
17886,Fruits
17909,Fruits
17910,Fruits
19110,Fruits
17917,Fruits
17918,Fruits
17919,Fruits
17920,Fruits
18836,Fruits
17931,Fruits
17932,Fruits
17933,Fruits
17934,Fruits
17935,Fruits
17936,Fruits
17937,Fruits
18837,Fruits
17972,Fruits
18838,Fruits
18005,Fruits
18006,Fruits
19111,Fruits
17992,Fruits
17994,Fruits
17995,Fruits
17997,Fruits
17996,Fruits
18004,Fruits
17993,Fruits
18839,Fruits
18017,Fruits
18018,Fruits
18023,Fruits
18033,Fruits
18034,Fruits
18036,Fruits
18035,Fruits
18037,Fruits
18091,Fruits
18092,Fruits
18102,Fruits
18103,Fruits
18104,Fruits
18107,Fruits
18108,Fruits
18133,Fruits
18772,Fruits
19108,Fruits
18146,Fruits
18266,Fruits
18403,Fruits
18404,Fruits
18411,Fruits
19138,Fruits
19107,Fruits
18470,Fruits
18471,Fruits
18472,Fruits
18473,Fruits
18474,Fruits
18475,Fruits
18476,Fruits
18477,Fruits
18478,Fruits
18596,Fruits
18665,Fruits
18666,Fruits
16336,Vegetables
16350,Vegetables
16413,Vegetables
16414,Vegetables
16415,Vegetables
16416,Vegetables
16417,Vegetables
16418,Vegetables
16421,Vegetables
16422,Vegetables
16423,Vegetables
16424,Vegetables
16425,Vegetables
18950,Vegetables
16441,Vegetables
16442,Vegetables
16443,Vegetables
16448,Vegetables
16449,Vegetables
16463,Vegetables
16471,Vegetables
16513,Vegetables
16514,Vegetables
16515,Vegetables
16516,Vegetables
16517,Vegetables
16518,Vegetables
16523,Vegetables
16524,Vegetables
16537,Vegetables
16538,Vegetables
16591,Vegetables
16592,Vegetables
16632,Vegetables
16633,Vegetables
16634,Vegetables
16635,Vegetables
16636,Vegetables
16637,Vegetables
16638,Vegetables
16641,Vegetables
16642,Vegetables
16640,Vegetables
16658,Vegetables
16659,Vegetables
16660,Vegetables
16698,Vegetables
16697,Vegetables
16699,Vegetables
16700,Vegetables
16701,Vegetables
16702,Vegetables
16703,Vegetables
16704,Vegetables
16705,Vegetables
16706,Vegetables
16712,Vegetables
16717,Vegetables
16718,Vegetables
16719,Vegetables
16725,Vegetables
16726,Vegetables
16727,Vegetables
16728,Vegetables
16729,Vegetables
16738,Vegetables
16739,Vegetables
16808,Vegetables
16813,Vegetables
16814,Vegetables
16815,Vegetables
16816,Vegetables
16817,Vegetables
16821,Vegetables
16822,Vegetables
16836,Vegetables
16837,Vegetables
16839,Vegetables
16840,Vegetables
18731,Vegetables
18732,Vegetables
17828,Vegetables
17826,Vegetables
16948,Vegetables
16950,Vegetables
16949,Vegetables
16951,Vegetables
16958,Vegetables
16962,Vegetables
16964,Vegetables
16965,Vegetables
16966,Vegetables
17019,Vegetables
17020,Vegetables
17021,Vegetables
17022,Vegetables
17023,Vegetables
17024,Vegetables
17025,Vegetables
17026,Vegetables
17027,Vegetables
17031,Vegetables
17032,Vegetables
17033,Vegetables
17034,Vegetables
17035,Vegetables
17036,Vegetables
17037,Vegetables
17038,Vegetables
17039,Vegetables
17057,Vegetables
17058,Vegetables
17072,Vegetables
17073,Vegetables
17106,Vegetables
17112,Vegetables
17129,Vegetables
17142,Vegetables
17143,Vegetables
17155,Vegetables
17160,Vegetables
17171,Vegetables
17181,Vegetables
17180,Vegetables
17182,Vegetables
17208,Vegetables
17209,Vegetables
17210,Vegetables
17211,Vegetables
17212,Vegetables
17215,Vegetables
17236,Vegetables
17237,Vegetables
17263,Vegetables
17300,Vegetables
17301,Vegetables
16472,Vegetables
16468,Vegetables
16473,Vegetables
16474,Vegetables
17339,Vegetables
17361,Vegetables
17362,Vegetables
17367,Vegetables
17368,Vegetables
17394,Vegetables
17404,Vegetables
17405,Vegetables
17416,Vegetables
17445,Vegetables
17446,Vegetables
17447,Vegetables
17448,Vegetables
17458,Vegetables
17459,Vegetables
17460,Vegetables
17461,Vegetables
17470,Vegetables
17469,Vegetables
17471,Vegetables
18968,Vegetables
18969,Vegetables
17487,Vegetables
17488,Vegetables
17521,Vegetables
17522,Vegetables
17550,Vegetables
17551,Vegetables
17552,Vegetables
17553,Vegetables
17554,Vegetables
17555,Vegetables
17556,Vegetables
17558,Vegetables
17559,Vegetables
17561,Vegetables
17679,Vegetables
17244,Vegetables
17243,Vegetables
17695,Vegetables
17696,Vegetables
17697,Vegetables
17710,Vegetables
17711,Vegetables
17712,Vegetables
17713,Vegetables
17751,Vegetables
17753,Vegetables
17754,Vegetables
17755,Vegetables
17756,Vegetables
17763,Vegetables
17762,Vegetables
17764,Vegetables
17776,Vegetables
17777,Vegetables
17816,Vegetables
17815,Vegetables
17817,Vegetables
19104,Vegetables
17825,Vegetables
17829,Vegetables
17830,Vegetables
17827,Vegetables
17881,Vegetables
17882,Vegetables
17940,Vegetables
17941,Vegetables
17942,Vegetables
17943,Vegetables
17944,Vegetables
17945,Vegetables
17946,Vegetables
17963,Vegetables
17964,Vegetables
17967,Vegetables
17968,Vegetables
16519,Vegetables
16520,Vegetables
17965,Vegetables
17966,Vegetables
17986,Vegetables
17987,Vegetables
17988,Vegetables
18026,Vegetables
18027,Vegetables
18079,Vegetables
18081,Vegetables
18082,Vegetables
18080,Vegetables
18083,Vegetables
18084,Vegetables
18085,Vegetables
18118,Vegetables
18119,Vegetables
18120,Vegetables
18125,Vegetables
18126,Vegetables
18127,Vegetables
18139,Vegetables
18140,Vegetables
18176,Vegetables
18215,Vegetables
18216,Vegetables
18258,Vegetables
18259,Vegetables
18271,Vegetables
18272,Vegetables
18273,Vegetables
18294,Vegetables
18300,Vegetables
18299,Vegetables
18302,Vegetables
18303,Vegetables
18304,Vegetables
17752,Vegetables
18332,Vegetables
18333,Vegetables
18339,Vegetables
18373,Vegetables
18374,Vegetables
18375,Vegetables
18376,Vegetables
18377,Vegetables
18378,Vegetables
18379,Vegetables
18390,Vegetables
18841,Vegetables
18394,Vegetables
18395,Vegetables
18392,Vegetables
18391,Vegetables
18398,Vegetables
18397,Vegetables
18399,Vegetables
18436,Vegetables
17947,Vegetables
17948,Vegetables
18393,Vegetables
18798,Vegetables
18450,Vegetables
18774,Vegetables
18452,Vegetables
18453,Vegetables
18454,Vegetables
18455,Vegetables
18469,Vegetables
18480,Vegetables
18481,Vegetables
18512,Vegetables
18513,Vegetables
18515,Vegetables
18514,Vegetables
18517,Vegetables
18516,Vegetables
18918,Vegetables
18518,Vegetables
18519,Vegetables
18917,Vegetables
18520,Vegetables
18521,Vegetables
18522,Vegetables
18523,Vegetables
18524,Vegetables
18525,Vegetables
18526,Vegetables
18527,Vegetables
18528,Vegetables
18529,Vegetables
18530,Vegetables
18531,Vegetables
18532,Vegetables
18533,Vegetables
18534,Vegetables
18535,Vegetables
18555,Vegetables
18556,Vegetables
18557,Vegetables
18589,Vegetables
18590,Vegetables
18588,Vegetables
18591,Vegetables
18592,Vegetables
18593,Vegetables
18594,Vegetables
18595,Vegetables
18627,Vegetables
18628,Vegetables
18629,Vegetables
18630,Vegetables
18631,Vegetables
18633,Vegetables
18634,Vegetables
18635,Vegetables
19102,Vegetables
18660,Vegetables
18661,Vegetables
18662,Vegetables
18664,Vegetables
18705,Vegetables
18775,Vegetables
18707,Vegetables
18708,Vegetables
19121,Vegetables
18923,Dairy & Eggs
16348,Dairy & Eggs
16349,Dairy & Eggs
16364,Dairy & Eggs
16366,Dairy & Eggs
16365,Dairy & Eggs
19127,Dairy & Eggs
19128,Dairy & Eggs
16477,Dairy & Eggs
16476,Dairy & Eggs
16522,Dairy & Eggs
16573,Dairy & Eggs
16574,Dairy & Eggs
16575,Dairy & Eggs
16598,Dairy & Eggs
16628,Dairy & Eggs
16629,Dairy & Eggs
16630,Dairy & Eggs
16631,Dairy & Eggs
16649,Dairy & Eggs
16656,Dairy & Eggs
19082,Dairy & Eggs
16666,Dairy & Eggs
16740,Dairy & Eggs
16741,Dairy & Eggs
16742,Dairy & Eggs
16743,Dairy & Eggs
16744,Dairy & Eggs
16745,Dairy & Eggs
16746,Dairy & Eggs
16769,Dairy & Eggs
16770,Dairy & Eggs
17681,Dairy & Eggs
16943,Dairy & Eggs
16944,Dairy & Eggs
16945,Dairy & Eggs
16947,Dairy & Eggs
16946,Dairy & Eggs
16978,Dairy & Eggs
16979,Dairy & Eggs
17013,Dairy & Eggs
17014,Dairy & Eggs
17015,Dairy & Eggs
17016,Dairy & Eggs
17045,Dairy & Eggs
17046,Dairy & Eggs
17048,Dairy & Eggs
17049,Dairy & Eggs
17069,Dairy & Eggs
17084,Dairy & Eggs
17085,Dairy & Eggs
17086,Dairy & Eggs
17087,Dairy & Eggs
17088,Dairy & Eggs
17089,Dairy & Eggs
17104,Dairy & Eggs
17105,Dairy & Eggs
17103,Dairy & Eggs
18776,Dairy & Eggs
17124,Dairy & Eggs
17125,Dairy & Eggs
17126,Dairy & Eggs
17128,Dairy & Eggs
17127,Dairy & Eggs
17132,Dairy & Eggs
17135,Dairy & Eggs
17136,Dairy & Eggs
17133,Dairy & Eggs
17134,Dairy & Eggs
17137,Dairy & Eggs
17138,Dairy & Eggs
17139,Dairy & Eggs
17140,Dairy & Eggs
17141,Dairy & Eggs
17145,Dairy & Eggs
17147,Dairy & Eggs
17144,Dairy & Eggs
17149,Dairy & Eggs
17146,Dairy & Eggs
17150,Dairy & Eggs
17152,Dairy & Eggs
17154,Dairy & Eggs
17153,Dairy & Eggs
17163,Dairy & Eggs
17164,Dairy & Eggs
17172,Dairy & Eggs
17173,Dairy & Eggs
17174,Dairy & Eggs
17175,Dairy & Eggs
19130,Dairy & Eggs
17204,Dairy & Eggs
17205,Dairy & Eggs
17268,Dairy & Eggs
17267,Dairy & Eggs
17270,Dairy & Eggs
19131,Dairy & Eggs
19132,Dairy & Eggs
17283,Dairy & Eggs
17284,Dairy & Eggs
17285,Dairy & Eggs
17286,Dairy & Eggs
17287,Dairy & Eggs
17346,Dairy & Eggs
17347,Dairy & Eggs
17348,Dairy & Eggs
17350,Dairy & Eggs
17349,Dairy & Eggs
19083,Dairy & Eggs
17044,Dairy & Eggs
17395,Dairy & Eggs
17396,Dairy & Eggs
17397,Dairy & Eggs
17398,Dairy & Eggs
19086,Dairy & Eggs
19087,Dairy & Eggs
17450,Dairy & Eggs
17451,Dairy & Eggs
17452,Dairy & Eggs
17454,Dairy & Eggs
17453,Dairy & Eggs
17513,Dairy & Eggs
17514,Dairy & Eggs
19084,Dairy & Eggs
19085,Dairy & Eggs
17569,Dairy & Eggs
17667,Dairy & Eggs
17682,Dairy & Eggs
17683,Dairy & Eggs
19090,Dairy & Eggs
17684,Dairy & Eggs
17687,Dairy & Eggs
17688,Dairy & Eggs
17689,Dairy & Eggs
17690,Dairy & Eggs
17691,Dairy & Eggs
17720,Dairy & Eggs
17721,Dairy & Eggs
17722,Dairy & Eggs
17724,Dairy & Eggs
17723,Dairy & Eggs
17732,Dairy & Eggs
17731,Dairy & Eggs
17733,Dairy & Eggs
17734,Dairy & Eggs
17736,Dairy & Eggs
17737,Dairy & Eggs
17738,Dairy & Eggs
17739,Dairy & Eggs
17774,Dairy & Eggs
16930,Dairy & Eggs
16931,Dairy & Eggs
16932,Dairy & Eggs
17873,Dairy & Eggs
17874,Dairy & Eggs
17875,Dairy & Eggs
17876,Dairy & Eggs
19125,Dairy & Eggs
17877,Dairy & Eggs
17878,Dairy & Eggs
17897,Dairy & Eggs
17898,Dairy & Eggs
17899,Dairy & Eggs
17900,Dairy & Eggs
18070,Dairy & Eggs
17685,Dairy & Eggs
17686,Dairy & Eggs
18098,Dairy & Eggs
18099,Dairy & Eggs
18100,Dairy & Eggs
18101,Dairy & Eggs
18111,Dairy & Eggs
18188,Dairy & Eggs
18189,Dairy & Eggs
18202,Dairy & Eggs
18203,Dairy & Eggs
18204,Dairy & Eggs
18205,Dairy & Eggs
19129,Dairy & Eggs
18206,Dairy & Eggs
18207,Dairy & Eggs
18845,Dairy & Eggs
18342,Dairy & Eggs
18408,Dairy & Eggs
19133,Dairy & Eggs
19134,Dairy & Eggs
18456,Dairy & Eggs
18457,Dairy & Eggs
18458,Dairy & Eggs
18459,Dairy & Eggs
18460,Dairy & Eggs
18506,Dairy & Eggs
18669,Dairy & Eggs
19088,Dairy & Eggs
19089,Dairy & Eggs
18715,Dairy & Eggs
18716,Dairy & Eggs
18717,Dairy & Eggs
16334,Meat & Poultry
16335,Meat & Poultry
16428,Meat & Poultry
16429,Meat & Poultry
16430,Meat & Poultry
16431,Meat & Poultry
16432,Meat & Poultry
16479,Meat & Poultry
16480,Meat & Poultry
16481,Meat & Poultry
16482,Meat & Poultry
16483,Meat & Poultry
19103,Meat & Poultry
16484,Meat & Poultry
16485,Meat & Poultry
16486,Meat & Poultry
16478,Meat & Poultry
16487,Meat & Poultry
16488,Meat & Poultry
16489,Meat & Poultry
16490,Meat & Poultry
16491,Meat & Poultry
16492,Meat & Poultry
16493,Meat & Poultry
16494,Meat & Poultry
16495,Meat & Poultry
16496,Meat & Poultry
16497,Meat & Poultry
16498,Meat & Poultry
19093,Meat & Poultry
16500,Meat & Poultry
16501,Meat & Poultry
16502,Meat & Poultry
16503,Meat & Poultry
16504,Meat & Poultry
16499,Meat & Poultry
16505,Meat & Poultry
16506,Meat & Poultry
16507,Meat & Poultry
16508,Meat & Poultry
16509,Meat & Poultry
16510,Meat & Poultry
16569,Meat & Poultry
16570,Meat & Poultry
16593,Meat & Poultry
16594,Meat & Poultry
16595,Meat & Poultry
16611,Meat & Poultry
16612,Meat & Poultry
16613,Meat & Poultry
16614,Meat & Poultry
16615,Meat & Poultry
16616,Meat & Poultry
16623,Meat & Poultry
16624,Meat & Poultry
16625,Meat & Poultry
16626,Meat & Poultry
16667,Meat & Poultry
16668,Meat & Poultry
16681,Meat & Poultry
16682,Meat & Poultry
16787,Meat & Poultry
16788,Meat & Poultry
16790,Meat & Poultry
16775,Meat & Poultry
16776,Meat & Poultry
16777,Meat & Poultry
16778,Meat & Poultry
16779,Meat & Poultry
18903,Meat & Poultry
18908,Meat & Poultry
16780,Meat & Poultry
16781,Meat & Poultry
16782,Meat & Poultry
16783,Meat & Poultry
16784,Meat & Poultry
18905,Meat & Poultry
18900,Meat & Poultry
16785,Meat & Poultry
16786,Meat & Poultry
19096,Meat & Poultry
18952,Meat & Poultry
16791,Meat & Poultry
16792,Meat & Poultry
16793,Meat & Poultry
16774,Meat & Poultry
19094,Meat & Poultry
18907,Meat & Poultry
18902,Meat & Poultry
18906,Meat & Poultry
18901,Meat & Poultry
19100,Meat & Poultry
19101,Meat & Poultry
16795,Meat & Poultry
16796,Meat & Poultry
16797,Meat & Poultry
16798,Meat & Poultry
16799,Meat & Poultry
16800,Meat & Poultry
16801,Meat & Poultry
16809,Meat & Poultry
16810,Meat & Poultry
16811,Meat & Poultry
16823,Meat & Poultry
16824,Meat & Poultry
16825,Meat & Poultry
16826,Meat & Poultry
16827,Meat & Poultry
16828,Meat & Poultry
16829,Meat & Poultry
16831,Meat & Poultry
16832,Meat & Poultry
16833,Meat & Poultry
16834,Meat & Poultry
16835,Meat & Poultry
16838,Meat & Poultry
16843,Meat & Poultry
16844,Meat & Poultry
16872,Meat & Poultry
16873,Meat & Poultry
16967,Meat & Poultry
16968,Meat & Poultry
16969,Meat & Poultry
18761,Meat & Poultry
18762,Meat & Poultry
16970,Meat & Poultry
16971,Meat & Poultry
16972,Meat & Poultry
16973,Meat & Poultry
16980,Meat & Poultry
16981,Meat & Poultry
16982,Meat & Poultry
17028,Meat & Poultry
17029,Meat & Poultry
17030,Meat & Poultry
17672,Meat & Poultry
17673,Meat & Poultry
17110,Meat & Poultry
17111,Meat & Poultry
17609,Meat & Poultry
17608,Meat & Poultry
17114,Meat & Poultry
17116,Meat & Poultry
17117,Meat & Poultry
17118,Meat & Poultry
17119,Meat & Poultry
17120,Meat & Poultry
17121,Meat & Poultry
17122,Meat & Poultry
16789,Meat & Poultry
17253,Meat & Poultry
17252,Meat & Poultry
17255,Meat & Poultry
17254,Meat & Poultry
17257,Meat & Poultry
17256,Meat & Poultry
17258,Meat & Poultry
17259,Meat & Poultry
17274,Meat & Poultry
17275,Meat & Poultry
17276,Meat & Poultry
17277,Meat & Poultry
17278,Meat & Poultry
17279,Meat & Poultry
17375,Meat & Poultry
17376,Meat & Poultry
17377,Meat & Poultry
17378,Meat & Poultry
17379,Meat & Poultry
17381,Meat & Poultry
17382,Meat & Poultry
17383,Meat & Poultry
18926,Meat & Poultry
17384,Meat & Poultry
17385,Meat & Poultry
17386,Meat & Poultry
17387,Meat & Poultry
17388,Meat & Poultry
17389,Meat & Poultry
17390,Meat & Poultry
17401,Meat & Poultry
17402,Meat & Poultry
17403,Meat & Poultry
17419,Meat & Poultry
17420,Meat & Poultry
17421,Meat & Poultry
17440,Meat & Poultry
17441,Meat & Poultry
17455,Meat & Poultry
17485,Meat & Poultry
17486,Meat & Poultry
17490,Meat & Poultry
17491,Meat & Poultry
17492,Meat & Poultry
17493,Meat & Poultry
17494,Meat & Poultry
17495,Meat & Poultry
17496,Meat & Poultry
17497,Meat & Poultry
17498,Meat & Poultry
17499,Meat & Poultry
17500,Meat & Poultry
17501,Meat & Poultry
17502,Meat & Poultry
17503,Meat & Poultry
17504,Meat & Poultry
17505,Meat & Poultry
17506,Meat & Poultry
17507,Meat & Poultry
17508,Meat & Poultry
17509,Meat & Poultry
17510,Meat & Poultry
17511,Meat & Poultry
17512,Meat & Poultry
17590,Meat & Poultry
17591,Meat & Poultry
17592,Meat & Poultry
17606,Meat & Poultry
17607,Meat & Poultry
17671,Meat & Poultry
18925,Meat & Poultry
17670,Meat & Poultry
17674,Meat & Poultry
17728,Meat & Poultry
17729,Meat & Poultry
17730,Meat & Poultry
17818,Meat & Poultry
17819,Meat & Poultry
17820,Meat & Poultry
17865,Meat & Poultry
17866,Meat & Poultry
17867,Meat & Poultry
17901,Meat & Poultry
17905,Meat & Poultry
17961,Meat & Poultry
17962,Meat & Poultry
17977,Meat & Poultry
17978,Meat & Poultry
17979,Meat & Poultry
18028,Meat & Poultry
18029,Meat & Poultry
18043,Meat & Poultry
18044,Meat & Poultry
18045,Meat & Poultry
18046,Meat & Poultry
18047,Meat & Poultry
18048,Meat & Poultry
18049,Meat & Poultry
18050,Meat & Poultry
18051,Meat & Poultry
18786,Meat & Poultry
18053,Meat & Poultry
18054,Meat & Poultry
18055,Meat & Poultry
18056,Meat & Poultry
18059,Meat & Poultry
18060,Meat & Poultry
18061,Meat & Poultry
18062,Meat & Poultry
18063,Meat & Poultry
18064,Meat & Poultry
18065,Meat & Poultry
18066,Meat & Poultry
18067,Meat & Poultry
18068,Meat & Poultry
18093,Meat & Poultry
18128,Meat & Poultry
18129,Meat & Poultry
18130,Meat & Poultry
18136,Meat & Poultry
18137,Meat & Poultry
18138,Meat & Poultry
18192,Meat & Poultry
18193,Meat & Poultry
18194,Meat & Poultry
18240,Meat & Poultry
18241,Meat & Poultry
18239,Meat & Poultry
18243,Meat & Poultry
18242,Meat & Poultry
18261,Meat & Poultry
19098,Meat & Poultry
18274,Meat & Poultry
18275,Meat & Poultry
19095,Meat & Poultry
18951,Meat & Poultry
18387,Meat & Poultry
18388,Meat & Poultry
18389,Meat & Poultry
18433,Meat & Poultry
18437,Meat & Poultry
18784,Meat & Poultry
18785,Meat & Poultry
18444,Meat & Poultry
18445,Meat & Poultry
18497,Meat & Poultry
18498,Meat & Poultry
18567,Meat & Poultry
18568,Meat & Poultry
18569,Meat & Poultry
18570,Meat & Poultry
18571,Meat & Poultry
18572,Meat & Poultry
18573,Meat & Poultry
18574,Meat & Poultry
18904,Meat & Poultry
18909,Meat & Poultry
18576,Meat & Poultry
18575,Meat & Poultry
18577,Meat & Poultry
18578,Meat & Poultry
18579,Meat & Poultry
18580,Meat & Poultry
18581,Meat & Poultry
18582,Meat & Poultry
18583,Meat & Poultry
18584,Meat & Poultry
18585,Meat & Poultry
18586,Meat & Poultry
18602,Meat & Poultry
18603,Meat & Poultry
18604,Meat & Poultry
18607,Meat & Poultry
18606,Meat & Poultry
18609,Meat & Poultry
18608,Meat & Poultry
18611,Meat & Poultry
18610,Meat & Poultry
18612,Meat & Poultry
18614,Meat & Poultry
18613,Meat & Poultry
18615,Meat & Poultry
18616,Meat & Poultry
18617,Meat & Poultry
18618,Meat & Poultry
18620,Meat & Poultry
18619,Meat & Poultry
18622,Meat & Poultry
18621,Meat & Poultry
18623,Meat & Poultry
18624,Meat & Poultry
18625,Meat & Poultry
18626,Meat & Poultry
18636,Meat & Poultry
18637,Meat & Poultry
18638,Meat & Poultry
18787,Meat & Poultry
18788,Meat & Poultry
18694,Meat & Poultry
18695,Meat & Poultry
18769,Fish & Shellfish
16352,Fish & Shellfish
16408,Fish & Shellfish
16409,Fish & Shellfish
16410,Fish & Shellfish
16588,Fish & Shellfish
16589,Fish & Shellfish
16590,Fish & Shellfish
18402,Fish & Shellfish
16692,Fish & Shellfish
16693,Fish & Shellfish
16714,Fish & Shellfish
16715,Fish & Shellfish
16716,Fish & Shellfish
16720,Fish & Shellfish
16721,Fish & Shellfish
16722,Fish & Shellfish
16723,Fish & Shellfish
16874,Fish & Shellfish
16889,Fish & Shellfish
16890,Fish & Shellfish
16891,Fish & Shellfish
16892,Fish & Shellfish
16894,Fish & Shellfish
16893,Fish & Shellfish
16897,Fish & Shellfish
16895,Fish & Shellfish
16896,Fish & Shellfish
16925,Fish & Shellfish
16926,Fish & Shellfish
16927,Fish & Shellfish
16983,Fish & Shellfish
16984,Fish & Shellfish
19099,Fish & Shellfish
16986,Fish & Shellfish
16985,Fish & Shellfish
16987,Fish & Shellfish
16988,Fish & Shellfish
16989,Fish & Shellfish
16992,Fish & Shellfish
16993,Fish & Shellfish
17011,Fish & Shellfish
17012,Fish & Shellfish
17040,Fish & Shellfish
17041,Fish & Shellfish
17042,Fish & Shellfish
17157,Fish & Shellfish
17158,Fish & Shellfish
17159,Fish & Shellfish
17190,Fish & Shellfish
17191,Fish & Shellfish
17192,Fish & Shellfish
17194,Fish & Shellfish
17195,Fish & Shellfish
17196,Fish & Shellfish
17197,Fish & Shellfish
17198,Fish & Shellfish
17199,Fish & Shellfish
17200,Fish & Shellfish
17216,Fish & Shellfish
17217,Fish & Shellfish
17218,Fish & Shellfish
17222,Fish & Shellfish
17246,Fish & Shellfish
17247,Fish & Shellfish
17343,Fish & Shellfish
17344,Fish & Shellfish
17345,Fish & Shellfish
17370,Fish & Shellfish
17371,Fish & Shellfish
17369,Fish & Shellfish
17372,Fish & Shellfish
17373,Fish & Shellfish
17374,Fish & Shellfish
16990,Fish & Shellfish
16991,Fish & Shellfish
17594,Fish & Shellfish
17595,Fish & Shellfish
17593,Fish & Shellfish
17596,Fish & Shellfish
17597,Fish & Shellfish
17598,Fish & Shellfish
17603,Fish & Shellfish
17604,Fish & Shellfish
17605,Fish & Shellfish
17617,Fish & Shellfish
17618,Fish & Shellfish
17619,Fish & Shellfish
17620,Fish & Shellfish
17621,Fish & Shellfish
17624,Fish & Shellfish
17625,Fish & Shellfish
17626,Fish & Shellfish
17717,Fish & Shellfish
17718,Fish & Shellfish
17719,Fish & Shellfish
17742,Fish & Shellfish
17743,Fish & Shellfish
17759,Fish & Shellfish
17757,Fish & Shellfish
17758,Fish & Shellfish
17760,Fish & Shellfish
17788,Fish & Shellfish
17789,Fish & Shellfish
17790,Fish & Shellfish
17841,Fish & Shellfish
17842,Fish & Shellfish
17843,Fish & Shellfish
17854,Fish & Shellfish
17855,Fish & Shellfish
17856,Fish & Shellfish
17859,Fish & Shellfish
17969,Fish & Shellfish
17970,Fish & Shellfish
17971,Fish & Shellfish
18030,Fish & Shellfish
18031,Fish & Shellfish
18032,Fish & Shellfish
18195,Fish & Shellfish
18196,Fish & Shellfish
18225,Fish & Shellfish
18244,Fish & Shellfish
18245,Fish & Shellfish
18247,Fish & Shellfish
18248,Fish & Shellfish
18246,Fish & Shellfish
18249,Fish & Shellfish
18250,Fish & Shellfish
18260,Fish & Shellfish
18267,Fish & Shellfish
18268,Fish & Shellfish
18278,Fish & Shellfish
18279,Fish & Shellfish
18280,Fish & Shellfish
18284,Fish & Shellfish
18285,Fish & Shellfish
18286,Fish & Shellfish
18288,Fish & Shellfish
18289,Fish & Shellfish
18291,Fish & Shellfish
18292,Fish & Shellfish
18293,Fish & Shellfish
18305,Fish & Shellfish
18306,Fish & Shellfish
18318,Fish & Shellfish
18319,Fish & Shellfish
18316,Fish & Shellfish
18317,Fish & Shellfish
18320,Fish & Shellfish
18321,Fish & Shellfish
18322,Fish & Shellfish
18323,Fish & Shellfish
18325,Fish & Shellfish
18326,Fish & Shellfish
18327,Fish & Shellfish
17406,Fish & Shellfish
17407,Fish & Shellfish
17857,Fish & Shellfish
17858,Fish & Shellfish
18251,Fish & Shellfish
18252,Fish & Shellfish
18253,Fish & Shellfish
18329,Fish & Shellfish
18330,Fish & Shellfish
18331,Fish & Shellfish
18334,Fish & Shellfish
18335,Fish & Shellfish
18336,Fish & Shellfish
18400,Fish & Shellfish
18401,Fish & Shellfish
18428,Fish & Shellfish
18429,Fish & Shellfish
18430,Fish & Shellfish
18435,Fish & Shellfish
18447,Fish & Shellfish
18461,Fish & Shellfish
18462,Fish & Shellfish
18463,Fish & Shellfish
18502,Fish & Shellfish
18503,Fish & Shellfish
18504,Fish & Shellfish
18290,Fish & Shellfish
18551,Fish & Shellfish
18552,Fish & Shellfish
18554,Fish & Shellfish
18558,Fish & Shellfish
18559,Fish & Shellfish
18560,Fish & Shellfish
18561,Fish & Shellfish
18562,Fish & Shellfish
18563,Fish & Shellfish
18564,Fish & Shellfish
18565,Fish & Shellfish
18685,Fish & Shellfish
18686,Fish & Shellfish
18688,Fish & Shellfish
16341,"Nuts, Grains & Pasta"
16342,"Nuts, Grains & Pasta"
16343,"Nuts, Grains & Pasta"
16344,"Nuts, Grains & Pasta"
16345,"Nuts, Grains & Pasta"
16357,"Nuts, Grains & Pasta"
16358,"Nuts, Grains & Pasta"
16359,"Nuts, Grains & Pasta"
16360,"Nuts, Grains & Pasta"
16469,"Nuts, Grains & Pasta"
16470,"Nuts, Grains & Pasta"
16456,"Nuts, Grains & Pasta"
16457,"Nuts, Grains & Pasta"
16464,"Nuts, Grains & Pasta"
16465,"Nuts, Grains & Pasta"
16466,"Nuts, Grains & Pasta"
16541,"Nuts, Grains & Pasta"
16542,"Nuts, Grains & Pasta"
16543,"Nuts, Grains & Pasta"
16544,"Nuts, Grains & Pasta"
16565,"Nuts, Grains & Pasta"
16566,"Nuts, Grains & Pasta"
16567,"Nuts, Grains & Pasta"
16568,"Nuts, Grains & Pasta"
16599,"Nuts, Grains & Pasta"
16600,"Nuts, Grains & Pasta"
16617,"Nuts, Grains & Pasta"
16618,"Nuts, Grains & Pasta"
16644,"Nuts, Grains & Pasta"
16643,"Nuts, Grains & Pasta"
16645,"Nuts, Grains & Pasta"
16646,"Nuts, Grains & Pasta"
16650,"Nuts, Grains & Pasta"
16651,"Nuts, Grains & Pasta"
16652,"Nuts, Grains & Pasta"
16653,"Nuts, Grains & Pasta"
16671,"Nuts, Grains & Pasta"
16672,"Nuts, Grains & Pasta"
16673,"Nuts, Grains & Pasta"
16674,"Nuts, Grains & Pasta"
16677,"Nuts, Grains & Pasta"
16678,"Nuts, Grains & Pasta"
16709,"Nuts, Grains & Pasta"
16710,"Nuts, Grains & Pasta"
16711,"Nuts, Grains & Pasta"
16733,"Nuts, Grains & Pasta"
16734,"Nuts, Grains & Pasta"
16772,"Nuts, Grains & Pasta"
16771,"Nuts, Grains & Pasta"
16806,"Nuts, Grains & Pasta"
16807,"Nuts, Grains & Pasta"
16804,"Nuts, Grains & Pasta"
16805,"Nuts, Grains & Pasta"
16830,"Nuts, Grains & Pasta"
16917,"Nuts, Grains & Pasta"
16916,"Nuts, Grains & Pasta"
16918,"Nuts, Grains & Pasta"
16919,"Nuts, Grains & Pasta"
16920,"Nuts, Grains & Pasta"
16921,"Nuts, Grains & Pasta"
16922,"Nuts, Grains & Pasta"
16923,"Nuts, Grains & Pasta"
16924,"Nuts, Grains & Pasta"
16976,"Nuts, Grains & Pasta"
16974,"Nuts, Grains & Pasta"
16975,"Nuts, Grains & Pasta"
16977,"Nuts, Grains & Pasta"
17001,"Nuts, Grains & Pasta"
17002,"Nuts, Grains & Pasta"
17130,"Nuts, Grains & Pasta"
17131,"Nuts, Grains & Pasta"
17161,"Nuts, Grains & Pasta"
17162,"Nuts, Grains & Pasta"
17165,"Nuts, Grains & Pasta"
17166,"Nuts, Grains & Pasta"
17167,"Nuts, Grains & Pasta"
17168,"Nuts, Grains & Pasta"
17176,"Nuts, Grains & Pasta"
17177,"Nuts, Grains & Pasta"
17178,"Nuts, Grains & Pasta"
17179,"Nuts, Grains & Pasta"
17234,"Nuts, Grains & Pasta"
17235,"Nuts, Grains & Pasta"
17335,"Nuts, Grains & Pasta"
17336,"Nuts, Grains & Pasta"
17337,"Nuts, Grains & Pasta"
17338,"Nuts, Grains & Pasta"
17342,"Nuts, Grains & Pasta"
17400,"Nuts, Grains & Pasta"
17477,"Nuts, Grains & Pasta"
17478,"Nuts, Grains & Pasta"
17479,"Nuts, Grains & Pasta"
17480,"Nuts, Grains & Pasta"
17516,"Nuts, Grains & Pasta"
17517,"Nuts, Grains & Pasta"
17518,"Nuts, Grains & Pasta"
17519,"Nuts, Grains & Pasta"
19020,"Nuts, Grains & Pasta"
19021,"Nuts, Grains & Pasta"
17546,"Nuts, Grains & Pasta"
17547,"Nuts, Grains & Pasta"
17548,"Nuts, Grains & Pasta"
17549,"Nuts, Grains & Pasta"
17564,"Nuts, Grains & Pasta"
17565,"Nuts, Grains & Pasta"
17566,"Nuts, Grains & Pasta"
17567,"Nuts, Grains & Pasta"
17579,"Nuts, Grains & Pasta"
17580,"Nuts, Grains & Pasta"
17581,"Nuts, Grains & Pasta"
17582,"Nuts, Grains & Pasta"
17610,"Nuts, Grains & Pasta"
17611,"Nuts, Grains & Pasta"
19097,"Nuts, Grains & Pasta"
17612,"Nuts, Grains & Pasta"
17613,"Nuts, Grains & Pasta"
17614,"Nuts, Grains & Pasta"
18783,"Nuts, Grains & Pasta"
17615,"Nuts, Grains & Pasta"
17638,"Nuts, Grains & Pasta"
17639,"Nuts, Grains & Pasta"
17640,"Nuts, Grains & Pasta"
17641,"Nuts, Grains & Pasta"
17693,"Nuts, Grains & Pasta"
17692,"Nuts, Grains & Pasta"
17708,"Nuts, Grains & Pasta"
17709,"Nuts, Grains & Pasta"
17768,"Nuts, Grains & Pasta"
17769,"Nuts, Grains & Pasta"
17770,"Nuts, Grains & Pasta"
17771,"Nuts, Grains & Pasta"
17775,"Nuts, Grains & Pasta"
19017,"Nuts, Grains & Pasta"
17784,"Nuts, Grains & Pasta"
17786,"Nuts, Grains & Pasta"
17787,"Nuts, Grains & Pasta"
17849,"Nuts, Grains & Pasta"
17850,"Nuts, Grains & Pasta"
17887,"Nuts, Grains & Pasta"
17888,"Nuts, Grains & Pasta"
17893,"Nuts, Grains & Pasta"
17894,"Nuts, Grains & Pasta"
17895,"Nuts, Grains & Pasta"
17896,"Nuts, Grains & Pasta"
17924,"Nuts, Grains & Pasta"
17925,"Nuts, Grains & Pasta"
17926,"Nuts, Grains & Pasta"
17927,"Nuts, Grains & Pasta"
17928,"Nuts, Grains & Pasta"
17929,"Nuts, Grains & Pasta"
17930,"Nuts, Grains & Pasta"
17950,"Nuts, Grains & Pasta"
17951,"Nuts, Grains & Pasta"
17954,"Nuts, Grains & Pasta"
17955,"Nuts, Grains & Pasta"
17991,"Nuts, Grains & Pasta"
18009,"Nuts, Grains & Pasta"
18010,"Nuts, Grains & Pasta"
18011,"Nuts, Grains & Pasta"
18012,"Nuts, Grains & Pasta"
18013,"Nuts, Grains & Pasta"
18124,"Nuts, Grains & Pasta"
18135,"Nuts, Grains & Pasta"
18134,"Nuts, Grains & Pasta"
18162,"Nuts, Grains & Pasta"
18163,"Nuts, Grains & Pasta"
18161,"Nuts, Grains & Pasta"
18164,"Nuts, Grains & Pasta"
18165,"Nuts, Grains & Pasta"
18168,"Nuts, Grains & Pasta"
18169,"Nuts, Grains & Pasta"
18182,"Nuts, Grains & Pasta"
18728,"Nuts, Grains & Pasta"
18183,"Nuts, Grains & Pasta"
18729,"Nuts, Grains & Pasta"
18184,"Nuts, Grains & Pasta"
18730,"Nuts, Grains & Pasta"
18185,"Nuts, Grains & Pasta"
18723,"Nuts, Grains & Pasta"
18186,"Nuts, Grains & Pasta"
18724,"Nuts, Grains & Pasta"
18187,"Nuts, Grains & Pasta"
18190,"Nuts, Grains & Pasta"
18191,"Nuts, Grains & Pasta"
18198,"Nuts, Grains & Pasta"
18199,"Nuts, Grains & Pasta"
18200,"Nuts, Grains & Pasta"
18201,"Nuts, Grains & Pasta"
18211,"Nuts, Grains & Pasta"
18212,"Nuts, Grains & Pasta"
18217,"Nuts, Grains & Pasta"
18218,"Nuts, Grains & Pasta"
18354,"Nuts, Grains & Pasta"
18355,"Nuts, Grains & Pasta"
18357,"Nuts, Grains & Pasta"
18358,"Nuts, Grains & Pasta"
18356,"Nuts, Grains & Pasta"
18364,"Nuts, Grains & Pasta"
18369,"Nuts, Grains & Pasta"
18370,"Nuts, Grains & Pasta"
18380,"Nuts, Grains & Pasta"
18381,"Nuts, Grains & Pasta"
18382,"Nuts, Grains & Pasta"
18384,"Nuts, Grains & Pasta"
18383,"Nuts, Grains & Pasta"
18385,"Nuts, Grains & Pasta"
18386,"Nuts, Grains & Pasta"
18446,"Nuts, Grains & Pasta"
18479,"Nuts, Grains & Pasta"
18490,"Nuts, Grains & Pasta"
19124,"Nuts, Grains & Pasta"
18491,"Nuts, Grains & Pasta"
19123,"Nuts, Grains & Pasta"
18509,"Nuts, Grains & Pasta"
19122,"Nuts, Grains & Pasta"
18542,"Nuts, Grains & Pasta"
18543,"Nuts, Grains & Pasta"
18639,"Nuts, Grains & Pasta"
18640,"Nuts, Grains & Pasta"
18655,"Nuts, Grains & Pasta"
18656,"Nuts, Grains & Pasta"
18667,"Nuts, Grains & Pasta"
18668,"Nuts, Grains & Pasta"
18674,"Nuts, Grains & Pasta"
18675,"Nuts, Grains & Pasta"
18676,"Nuts, Grains & Pasta"
18677,"Nuts, Grains & Pasta"
18718,"Nuts, Grains & Pasta"
18719,"Nuts, Grains & Pasta"
18767,Condiments & Oils
16353,Condiments & Oils
16354,Condiments & Oils
16367,Condiments & Oils
16368,Condiments & Oils
18799,Condiments & Oils
18800,Condiments & Oils
16454,Condiments & Oils
16455,Condiments & Oils
16539,Condiments & Oils
16540,Condiments & Oils
18801,Condiments & Oils
18802,Condiments & Oils
16596,Condiments & Oils
18961,Condiments & Oils
18966,Condiments & Oils
18803,Condiments & Oils
18804,Condiments & Oils
16679,Condiments & Oils
16680,Condiments & Oils
18768,Condiments & Oils
16819,Condiments & Oils
16820,Condiments & Oils
16841,Condiments & Oils
16842,Condiments & Oils
16875,Condiments & Oils
16876,Condiments & Oils
16906,Condiments & Oils
16907,Condiments & Oils
18632,Condiments & Oils
17980,Condiments & Oils
17981,Condiments & Oils
18789,Condiments & Oils
17193,Condiments & Oils
18805,Condiments & Oils
18806,Condiments & Oils
17239,Condiments & Oils
17240,Condiments & Oils
18962,Condiments & Oils
18967,Condiments & Oils
17261,Condiments & Oils
17262,Condiments & Oils
17316,Condiments & Oils
17317,Condiments & Oils
17318,Condiments & Oils
17319,Condiments & Oils
17320,Condiments & Oils
17321,Condiments & Oils
17322,Condiments & Oils
17323,Condiments & Oils
17324,Condiments & Oils
17325,Condiments & Oils
17326,Condiments & Oils
17327,Condiments & Oils
17328,Condiments & Oils
17329,Condiments & Oils
17330,Condiments & Oils
17331,Condiments & Oils
17408,Condiments & Oils
17409,Condiments & Oils
18763,Condiments & Oils
18807,Condiments & Oils
18808,Condiments & Oils
17417,Condiments & Oils
17418,Condiments & Oils
17422,Condiments & Oils
17423,Condiments & Oils
18810,Condiments & Oils
18809,Condiments & Oils
18540,Condiments & Oils
18541,Condiments & Oils
17472,Condiments & Oils
17473,Condiments & Oils
17515,Condiments & Oils
17647,Condiments & Oils
17654,Condiments & Oils
17655,Condiments & Oils
17668,Condiments & Oils
17669,Condiments & Oils
17675,Condiments & Oils
18733,Condiments & Oils
18960,Condiments & Oils
18965,Condiments & Oils
17765,Condiments & Oils
17766,Condiments & Oils
17791,Condiments & Oils
17792,Condiments & Oils
17793,Condiments & Oils
17794,Condiments & Oils
17795,Condiments & Oils
17796,Condiments & Oils
17797,Condiments & Oils
17798,Condiments & Oils
17799,Condiments & Oils
17800,Condiments & Oils
18846,Condiments & Oils
18847,Condiments & Oils
17803,Condiments & Oils
17804,Condiments & Oils
17805,Condiments & Oils
17806,Condiments & Oils
17807,Condiments & Oils
17808,Condiments & Oils
17809,Condiments & Oils
17810,Condiments & Oils
17811,Condiments & Oils
17812,Condiments & Oils
17813,Condiments & Oils
17814,Condiments & Oils
18811,Condiments & Oils
18812,Condiments & Oils
17801,Condiments & Oils
17802,Condiments & Oils
17852,Condiments & Oils
17853,Condiments & Oils
19119,Condiments & Oils
19120,Condiments & Oils
18780,Condiments & Oils
19117,Condiments & Oils
19118,Condiments & Oils
17975,Condiments & Oils
17976,Condiments & Oils
18021,Condiments & Oils
18022,Condiments & Oils
18813,Condiments & Oils
18814,Condiments & Oils
18843,Condiments & Oils
18844,Condiments & Oils
18815,Condiments & Oils
18816,Condiments & Oils
18174,Condiments & Oils
18175,Condiments & Oils
18817,Condiments & Oils
18818,Condiments & Oils
18236,Condiments & Oils
18234,Condiments & Oils
18235,Condiments & Oils
18254,Condiments & Oils
18255,Condiments & Oils
18256,Condiments & Oils
18257,Condiments & Oils
18781,Condiments & Oils
18269,Condiments & Oils
18314,Condiments & Oils
18315,Condiments & Oils
18312,Condiments & Oils
18313,Condiments & Oils
18340,Condiments & Oils
18957,Condiments & Oils
18963,Condiments & Oils
18347,Condiments & Oils
18348,Condiments & Oils
18360,Condiments & Oils
18842,Condiments & Oils
18362,Condiments & Oils
18361,Condiments & Oils
18363,Condiments & Oils
18270,Condiments & Oils
18405,Condiments & Oils
18406,Condiments & Oils
18409,Condiments & Oils
18410,Condiments & Oils
18442,Condiments & Oils
18443,Condiments & Oils
18448,Condiments & Oils
18449,Condiments & Oils
18959,Condiments & Oils
18964,Condiments & Oils
18465,Condiments & Oils
18466,Condiments & Oils
18484,Condiments & Oils
18485,Condiments & Oils
18492,Condiments & Oils
18493,Condiments & Oils
18495,Condiments & Oils
18496,Condiments & Oils
18819,Condiments & Oils
18820,Condiments & Oils
18657,Condiments & Oils
18658,Condiments & Oils
18703,Condiments & Oils
18704,Condiments & Oils
16355,Snacks & Baked Goods
16369,Snacks & Baked Goods
16370,Snacks & Baked Goods
16377,Snacks & Baked Goods
16378,Snacks & Baked Goods
16379,Snacks & Baked Goods
16376,Snacks & Baked Goods
16390,Snacks & Baked Goods
16391,Snacks & Baked Goods
16394,Snacks & Baked Goods
16395,Snacks & Baked Goods
16396,Snacks & Baked Goods
16397,Snacks & Baked Goods
16398,Snacks & Baked Goods
16399,Snacks & Baked Goods
16433,Snacks & Baked Goods
16434,Snacks & Baked Goods
18938,Snacks & Baked Goods
18794,Snacks & Baked Goods
16437,Snacks & Baked Goods
16438,Snacks & Baked Goods
16439,Snacks & Baked Goods
16440,Snacks & Baked Goods
16444,Snacks & Baked Goods
16445,Snacks & Baked Goods
16525,Snacks & Baked Goods
18753,Snacks & Baked Goods
18757,Snacks & Baked Goods
16526,Snacks & Baked Goods
16552,Snacks & Baked Goods
16553,Snacks & Baked Goods
16554,Snacks & Baked Goods
16555,Snacks & Baked Goods
16558,Snacks & Baked Goods
16559,Snacks & Baked Goods
16560,Snacks & Baked Goods
16561,Snacks & Baked Goods
16583,Snacks & Baked Goods
16584,Snacks & Baked Goods
16585,Snacks & Baked Goods
16582,Snacks & Baked Goods
16586,Snacks & Baked Goods
16587,Snacks & Baked Goods
16605,Snacks & Baked Goods
16606,Snacks & Baked Goods
18947,Snacks & Baked Goods
16608,Snacks & Baked Goods
16619,Snacks & Baked Goods
16620,Snacks & Baked Goods
18760,Snacks & Baked Goods
16621,Snacks & Baked Goods
18949,Snacks & Baked Goods
16639,Snacks & Baked Goods
18771,Snacks & Baked Goods
16654,Snacks & Baked Goods
16657,Snacks & Baked Goods
18793,Snacks & Baked Goods
16662,Snacks & Baked Goods
16663,Snacks & Baked Goods
16665,Snacks & Baked Goods
18920,Snacks & Baked Goods
16670,Snacks & Baked Goods
16683,Snacks & Baked Goods
16695,Snacks & Baked Goods
16713,Snacks & Baked Goods
16749,Snacks & Baked Goods
16750,Snacks & Baked Goods
16747,Snacks & Baked Goods
16748,Snacks & Baked Goods
16759,Snacks & Baked Goods
16760,Snacks & Baked Goods
16763,Snacks & Baked Goods
16764,Snacks & Baked Goods
16765,Snacks & Baked Goods
16762,Snacks & Baked Goods
16773,Snacks & Baked Goods
16862,Snacks & Baked Goods
16860,Snacks & Baked Goods
16847,Snacks & Baked Goods
18791,Snacks & Baked Goods
18792,Snacks & Baked Goods
16849,Snacks & Baked Goods
16852,Snacks & Baked Goods
16853,Snacks & Baked Goods
16669,Snacks & Baked Goods
18912,Snacks & Baked Goods
16871,Snacks & Baked Goods
18936,Snacks & Baked Goods
16885,Snacks & Baked Goods
16910,Snacks & Baked Goods
16911,Snacks & Baked Goods
16912,Snacks & Baked Goods
16913,Snacks & Baked Goods
16914,Snacks & Baked Goods
16929,Snacks & Baked Goods
18755,Snacks & Baked Goods
18756,Snacks & Baked Goods
18754,Snacks & Baked Goods
16952,Snacks & Baked Goods
16953,Snacks & Baked Goods
16954,Snacks & Baked Goods
18764,Snacks & Baked Goods
16959,Snacks & Baked Goods
16960,Snacks & Baked Goods
16961,Snacks & Baked Goods
18464,Snacks & Baked Goods
16994,Snacks & Baked Goods
16995,Snacks & Baked Goods
17003,Snacks & Baked Goods
17052,Snacks & Baked Goods
17053,Snacks & Baked Goods
17054,Snacks & Baked Goods
18937,Snacks & Baked Goods
17061,Snacks & Baked Goods
17063,Snacks & Baked Goods
17064,Snacks & Baked Goods
17074,Snacks & Baked Goods
17090,Snacks & Baked Goods
17091,Snacks & Baked Goods
18932,Snacks & Baked Goods
17101,Snacks & Baked Goods
17102,Snacks & Baked Goods
17108,Snacks & Baked Goods
17109,Snacks & Baked Goods
17123,Snacks & Baked Goods
17156,Snacks & Baked Goods
17201,Snacks & Baked Goods
17202,Snacks & Baked Goods
18934,Snacks & Baked Goods
18913,Snacks & Baked Goods
17219,Snacks & Baked Goods
17220,Snacks & Baked Goods
17221,Snacks & Baked Goods
17223,Snacks & Baked Goods
17224,Snacks & Baked Goods
17225,Snacks & Baked Goods
17238,Snacks & Baked Goods
17248,Snacks & Baked Goods
17249,Snacks & Baked Goods
17250,Snacks & Baked Goods
17251,Snacks & Baked Goods
17288,Snacks & Baked Goods
17289,Snacks & Baked Goods
17290,Snacks & Baked Goods
17291,Snacks & Baked Goods
17292,Snacks & Baked Goods
17293,Snacks & Baked Goods
17294,Snacks & Baked Goods
18897,Snacks & Baked Goods
17351,Snacks & Baked Goods
18896,Snacks & Baked Goods
17352,Snacks & Baked Goods
17357,Snacks & Baked Goods
17358,Snacks & Baked Goods
17366,Snacks & Baked Goods
17391,Snacks & Baked Goods
17392,Snacks & Baked Goods
17393,Snacks & Baked Goods
18946,Snacks & Baked Goods
17411,Snacks & Baked Goods
17413,Snacks & Baked Goods
17425,Snacks & Baked Goods
17426,Snacks & Baked Goods
17424,Snacks & Baked Goods
18898,Snacks & Baked Goods
18899,Snacks & Baked Goods
17428,Snacks & Baked Goods
17429,Snacks & Baked Goods
17430,Snacks & Baked Goods
17431,Snacks & Baked Goods
18850,Snacks & Baked Goods
18851,Snacks & Baked Goods
18935,Snacks & Baked Goods
17456,Snacks & Baked Goods
17462,Snacks & Baked Goods
17467,Snacks & Baked Goods
17468,Snacks & Baked Goods
17475,Snacks & Baked Goods
17476,Snacks & Baked Goods
17474,Snacks & Baked Goods
17523,Snacks & Baked Goods
17524,Snacks & Baked Goods
17525,Snacks & Baked Goods
17526,Snacks & Baked Goods
17527,Snacks & Baked Goods
17537,Snacks & Baked Goods
17540,Snacks & Baked Goods
17541,Snacks & Baked Goods
17560,Snacks & Baked Goods
17570,Snacks & Baked Goods
17600,Snacks & Baked Goods
17627,Snacks & Baked Goods
17628,Snacks & Baked Goods
17629,Snacks & Baked Goods
17643,Snacks & Baked Goods
17644,Snacks & Baked Goods
17659,Snacks & Baked Goods
17660,Snacks & Baked Goods
17663,Snacks & Baked Goods
17664,Snacks & Baked Goods
17665,Snacks & Baked Goods
17666,Snacks & Baked Goods
17676,Snacks & Baked Goods
17694,Snacks & Baked Goods
17701,Snacks & Baked Goods
17702,Snacks & Baked Goods
17704,Snacks & Baked Goods
17716,Snacks & Baked Goods
17740,Snacks & Baked Goods
17741,Snacks & Baked Goods
17746,Snacks & Baked Goods
18941,Snacks & Baked Goods
17748,Snacks & Baked Goods
17749,Snacks & Baked Goods
17778,Snacks & Baked Goods
18945,Snacks & Baked Goods
17782,Snacks & Baked Goods
17860,Snacks & Baked Goods
17861,Snacks & Baked Goods
17862,Snacks & Baked Goods
17863,Snacks & Baked Goods
17864,Snacks & Baked Goods
17902,Snacks & Baked Goods
17903,Snacks & Baked Goods
17904,Snacks & Baked Goods
17906,Snacks & Baked Goods
17907,Snacks & Baked Goods
17912,Snacks & Baked Goods
17913,Snacks & Baked Goods
17914,Snacks & Baked Goods
17911,Snacks & Baked Goods
17915,Snacks & Baked Goods
17916,Snacks & Baked Goods
17923,Snacks & Baked Goods
17949,Snacks & Baked Goods
17952,Snacks & Baked Goods
17953,Snacks & Baked Goods
17960,Snacks & Baked Goods
17957,Snacks & Baked Goods
17983,Snacks & Baked Goods
17984,Snacks & Baked Goods
17985,Snacks & Baked Goods
17998,Snacks & Baked Goods
17999,Snacks & Baked Goods
18000,Snacks & Baked Goods
18001,Snacks & Baked Goods
18002,Snacks & Baked Goods
18003,Snacks & Baked Goods
18014,Snacks & Baked Goods
18015,Snacks & Baked Goods
18016,Snacks & Baked Goods
18019,Snacks & Baked Goods
18020,Snacks & Baked Goods
18038,Snacks & Baked Goods
18039,Snacks & Baked Goods
18040,Snacks & Baked Goods
18041,Snacks & Baked Goods
19025,Snacks & Baked Goods
18057,Snacks & Baked Goods
18058,Snacks & Baked Goods
18077,Snacks & Baked Goods
18078,Snacks & Baked Goods
18087,Snacks & Baked Goods
18090,Snacks & Baked Goods
18089,Snacks & Baked Goods
18094,Snacks & Baked Goods
18096,Snacks & Baked Goods
18109,Snacks & Baked Goods
18110,Snacks & Baked Goods
18112,Snacks & Baked Goods
18942,Snacks & Baked Goods
18114,Snacks & Baked Goods
18116,Snacks & Baked Goods
18117,Snacks & Baked Goods
18121,Snacks & Baked Goods
18122,Snacks & Baked Goods
18131,Snacks & Baked Goods
18132,Snacks & Baked Goods
18944,Snacks & Baked Goods
18142,Snacks & Baked Goods
18150,Snacks & Baked Goods
18151,Snacks & Baked Goods
18152,Snacks & Baked Goods
18153,Snacks & Baked Goods
18155,Snacks & Baked Goods
18156,Snacks & Baked Goods
18157,Snacks & Baked Goods
18158,Snacks & Baked Goods
18159,Snacks & Baked Goods
18160,Snacks & Baked Goods
18178,Snacks & Baked Goods
18177,Snacks & Baked Goods
18180,Snacks & Baked Goods
18181,Snacks & Baked Goods
18939,Snacks & Baked Goods
18220,Snacks & Baked Goods
18222,Snacks & Baked Goods
18223,Snacks & Baked Goods
18265,Snacks & Baked Goods
18782,Snacks & Baked Goods
18282,Snacks & Baked Goods
18328,Snacks & Baked Goods
18770,Snacks & Baked Goods
18337,Snacks & Baked Goods
18338,Snacks & Baked Goods
18341,Snacks & Baked Goods
18948,Snacks & Baked Goods
18345,Snacks & Baked Goods
18346,Snacks & Baked Goods
18371,Snacks & Baked Goods
18372,Snacks & Baked Goods
18414,Snacks & Baked Goods
18415,Snacks & Baked Goods
18416,Snacks & Baked Goods
18418,Snacks & Baked Goods
18419,Snacks & Baked Goods
18420,Snacks & Baked Goods
18421,Snacks & Baked Goods
18423,Snacks & Baked Goods
18424,Snacks & Baked Goods
18425,Snacks & Baked Goods
18422,Snacks & Baked Goods
18426,Snacks & Baked Goods
18427,Snacks & Baked Goods
18434,Snacks & Baked Goods
18438,Snacks & Baked Goods
18439,Snacks & Baked Goods
18440,Snacks & Baked Goods
18441,Snacks & Baked Goods
18467,Snacks & Baked Goods
18468,Snacks & Baked Goods
18507,Snacks & Baked Goods
18508,Snacks & Baked Goods
18546,Snacks & Baked Goods
18547,Snacks & Baked Goods
18548,Snacks & Baked Goods
18549,Snacks & Baked Goods
18598,Snacks & Baked Goods
18599,Snacks & Baked Goods
18653,Snacks & Baked Goods
18654,Snacks & Baked Goods
18943,Snacks & Baked Goods
18679,Snacks & Baked Goods
18681,Snacks & Baked Goods
18682,Snacks & Baked Goods
16868,Snacks & Baked Goods
18683,Snacks & Baked Goods
18684,Snacks & Baked Goods
18940,Snacks & Baked Goods
18690,Snacks & Baked Goods
18692,Snacks & Baked Goods
18693,Snacks & Baked Goods
18711,Snacks & Baked Goods
18712,Snacks & Baked Goods
18713,Snacks & Baked Goods
18714,Snacks & Baked Goods
18720,Snacks & Baked Goods
16337,Herbs & Spices
16338,Herbs & Spices
16339,Herbs & Spices
16346,Herbs & Spices
16361,Herbs & Spices
16363,Herbs & Spices
16380,Herbs & Spices
16412,Herbs & Spices
16446,Herbs & Spices
16458,Herbs & Spices
16459,Herbs & Spices
16460,Herbs & Spices
16461,Herbs & Spices
16462,Herbs & Spices
16545,Herbs & Spices
16546,Herbs & Spices
16547,Herbs & Spices
16661,Herbs & Spices
16684,Herbs & Spices
16685,Herbs & Spices
16686,Herbs & Spices
16724,Herbs & Spices
16730,Herbs & Spices
16731,Herbs & Spices
16732,Herbs & Spices
16761,Herbs & Spices
16766,Herbs & Spices
16767,Herbs & Spices
16812,Herbs & Spices
16818,Herbs & Spices
16845,Herbs & Spices
16846,Herbs & Spices
16881,Herbs & Spices
16882,Herbs & Spices
16883,Herbs & Spices
16886,Herbs & Spices
16887,Herbs & Spices
16900,Herbs & Spices
16901,Herbs & Spices
16915,Herbs & Spices
16956,Herbs & Spices
16957,Herbs & Spices
17043,Herbs & Spices
17059,Herbs & Spices
17060,Herbs & Spices
17068,Herbs & Spices
17096,Herbs & Spices
17097,Herbs & Spices
17098,Herbs & Spices
17245,Herbs & Spices
17170,Herbs & Spices
17241,Herbs & Spices
17242,Herbs & Spices
17264,Herbs & Spices
17265,Herbs & Spices
17442,Herbs & Spices
17449,Herbs & Spices
17457,Herbs & Spices
17520,Herbs & Spices
17528,Herbs & Spices
17530,Herbs & Spices
17531,Herbs & Spices
17539,Herbs & Spices
17584,Herbs & Spices
17616,Herbs & Spices
17642,Herbs & Spices
17656,Herbs & Spices
17657,Herbs & Spices
17658,Herbs & Spices
17082,Herbs & Spices
17698,Herbs & Spices
17699,Herbs & Spices
17700,Herbs & Spices
17761,Herbs & Spices
17767,Herbs & Spices
17779,Herbs & Spices
17780,Herbs & Spices
17824,Herbs & Spices
17831,Herbs & Spices
17840,Herbs & Spices
17846,Herbs & Spices
17847,Herbs & Spices
17848,Herbs & Spices
17872,Herbs & Spices
17879,Herbs & Spices
17880,Herbs & Spices
17956,Herbs & Spices
17958,Herbs & Spices
17982,Herbs & Spices
18042,Herbs & Spices
18086,Herbs & Spices
18123,Herbs & Spices
18149,Herbs & Spices
18166,Herbs & Spices
18167,Herbs & Spices
18208,Herbs & Spices
18209,Herbs & Spices
18210,Herbs & Spices
18213,Herbs & Spices
18226,Herbs & Spices
18227,Herbs & Spices
18228,Herbs & Spices
18229,Herbs & Spices
18230,Herbs & Spices
18262,Herbs & Spices
19116,Herbs & Spices
18263,Herbs & Spices
18277,Herbs & Spices
18276,Herbs & Spices
18287,Herbs & Spices
18301,Herbs & Spices
18407,Herbs & Spices
18417,Herbs & Spices
19019,Herbs & Spices
18482,Herbs & Spices
18483,Herbs & Spices
18499,Herbs & Spices
18500,Herbs & Spices
18501,Herbs & Spices
18587,Herbs & Spices
18597,Herbs & Spices
18600,Herbs & Spices
18601,Herbs & Spices
18643,Herbs & Spices
18644,Herbs & Spices
18645,Herbs & Spices
18646,Herbs & Spices
18647,Herbs & Spices
18648,Herbs & Spices
18649,Herbs & Spices
18650,Herbs & Spices
18651,Herbs & Spices
18659,Herbs & Spices
18673,Herbs & Spices
19028,Beverages
16340,Beverages
19066,Beverages
19067,Beverages
19074,Beverages
19075,Beverages
16347,Beverages
16362,Beverages
19091,Beverages
19092,Beverages
16411,Beverages
16447,Beverages
16511,Beverages
16512,Beverages
16571,Beverages
16572,Beverages
16597,Beverages
16610,Beverages
16622,Beverages
16664,Beverages
19072,Beverages
19073,Beverages
16735,Beverages
16736,Beverages
16737,Beverages
16850,Beverages
16851,Beverages
16884,Beverages
16902,Beverages
16903,Beverages
19070,Beverages
19071,Beverages
19080,Beverages
19081,Beverages
19063,Beverages
19062,Beverages
16928,Beverages
16933,Beverages
16934,Beverages
16935,Beverages
18954,Beverages
16937,Beverages
16938,Beverages
16941,Beverages
16942,Beverages
17017,Beverages
17018,Beverages
17047,Beverages
17070,Beverages
17071,Beverages
17092,Beverages
17093,Beverages
17094,Beverages
17095,Beverages
19064,Beverages
19065,Beverages
19059,Beverages
19058,Beverages
17260,Beverages
17315,Beverages
17340,Beverages
17341,Beverages
17399,Beverages
17434,Beverages
17435,Beverages
19029,Beverages
16939,Beverages
16940,Beverages
17436,Beverages
17437,Beverages
17583,Beverages
17622,Beverages
17623,Beverages
17648,Beverages
17649,Beverages
17650,Beverages
17651,Beverages
17661,Beverages
17662,Beverages
17678,Beverages
17680,Beverages
17703,Beverages
17714,Beverages
17715,Beverages
17838,Beverages
17851,Beverages
17908,Beverages
17959,Beverages
17989,Beverages
17990,Beverages
18071,Beverages
18072,Beverages
18073,Beverages
18074,Beverages
18154,Beverages
18697,Beverages
18698,Beverages
18170,Beverages
18171,Beverages
19078,Beverages
19079,Beverages
18214,Beverages
18224,Beverages
18233,Beverages
18232,Beverages
18264,Beverages
18281,Beverages
18283,Beverages
18295,Beverages
18296,Beverages
18310,Beverages
18311,Beverages
19068,Beverages
19069,Beverages
19077,Beverages
19076,Beverages
18367,Beverages
18368,Beverages
19027,Beverages
19026,Beverages
18699,Beverages
18700,Beverages
19061,Beverages
19060,Beverages
18486,Beverages
18488,Beverages
18494,Beverages
18511,Beverages
18510,Beverages
18536,Beverages
18537,Beverages
18550,Beverages
18641,Beverages
18642,Beverages
19057,Beverages
19056,Beverages
18652,Beverages
19047,Beverages
18663,Beverages
18670,Beverages
18671,Beverages
18672,Beverages
18701,Beverages
18702,Beverages
